<?xml version "1.0" encoding = "UTF-8"?>
<serialization>
    <std_map size="3">
        <std_pair>
            <first>
                <std_int value="1"/>
            </first>
            <second>
                <std_double value="1.200000"/>
            </second>
        </std_pair>
        <std_pair>
            <first>
                <std_int value="2"/>
            </first>
            <second>
                <std_double value="2.400000"/>
            </second>
        </std_pair>
        <std_pair>
            <first>
                <std_int value="3"/>
            </first>
            <second>
                <std_double value="3.600000"/>
            </second>
        </std_pair>
    </std_map>
</serialization>
