<?xml version "1.0" encoding = "UTF-8"?>
<serialization>
    <std_map size="3">
        <std_pair>
            <first>
                <std_string value="Foo1"/>
            </first>
            <second>
                <std_string value="Hoo1"/>
            </second>
        </std_pair>
        <std_pair>
            <first>
                <std_string value="Foo2k"/>
            </first>
            <second>
                <std_string value="Hoo2v"/>
            </second>
        </std_pair>
        <std_pair>
            <first>
                <std_string value="Foo3k"/>
            </first>
            <second>
                <std_string value="Hoo3v"/>
            </second>
        </std_pair>
    </std_map>
</serialization>
